ID,Nom,Prenom,Email
1,Molka,B.M.S,test@mail.com
11,mike,taison,creed@mike.tn
17,pixar,Disney,pixar@disney.tn
19,linda,tawali,linda@tawalli.tn
21,ouytgouygo_,à_èg_uyg_,_àèg@ouiguy.ifg
22,_ègà_èfgyug,ç_g_àyèg_g,ouygfçè_g@oiu.miug
23,ètfçè-fèçtfèf,-fçètèf,iyfçèfçè@i.gouyf
24,xutrsxuerx,turxdutrxd,iytdtyd@uiogp.pyifg
25,fuyfiffoutg,oufyuyiof,oufiyè@oufo.luyfg
26,oighpiug,iulgoyfg,Emailkgfvgf@khg.ikg
27,iugpuog,iugpguèg,Emailoighiugi@liug.miug
28,Nompiugiug,iugiutgi,piugpui@muig.luyf
29,i_t_èt,iutg,Emailguyfguyg@ilug.kjgh
31,ùpoi,poipui,klmjhmkjh@lbhb.mikh
